{"cameraMode":{"drawMode":0,"name":"Shaded","section":"Shading Mode"},"sceneLighting":false,"audioPlay":false,"sceneViewState":{"showFog":true,"showMaterialUpdate":false,"showSkybox":false,"showFlares":true,"showImageEffects":true,"showParticleSystems":true},"in2DMode":false,"pivot":{"x":0.028020381927490236,"y":2.1391708850860597,"z":0.11564755439758301},"rotation":{"x":0.06819524616003037,"y":0.6758486032485962,"z":-0.06303579360246659,"w":0.731167197227478},"size":2.660367965698242,"orthographic":false}