{"cameraMode":{"drawMode":0,"name":"Shaded","section":"Shading Mode"},"sceneLighting":true,"audioPlay":false,"sceneViewState":{"showFog":true,"showMaterialUpdate":false,"showSkybox":true,"showFlares":true,"showImageEffects":true,"showParticleSystems":true},"in2DMode":false,"pivot":{"x":-399.8061828613281,"y":72.2198257446289,"z":7.37498664855957},"rotation":{"x":0.1470407247543335,"y":-0.29143187403678896,"z":0.04538746923208237,"w":0.9441338777542114},"size":1.9297537803649903,"orthographic":false}